,City,Country,Date,Latitude,Longitude,Max Temperature,Humidity,Cloudiness,Wind Speed
0,kapaa,US,1609820074,22.08,-159.32,75.2,78,40,10.29
1,mataura,NZ,1609819777,-46.19,168.86,58.37,87,100,0.89
2,coihaique,CL,1609819908,-45.58,-72.07,51.8,66,0,3.36
3,porto santo,PT,1609820074,33.07,-16.34,64.4,77,40,10.29
4,albany,US,1609819827,42.6,-73.97,34.0,87,97,2.48
5,ushuaia,AR,1609819818,-54.8,-68.3,51.8,53,75,3.36
6,hobart,AU,1609819926,-42.88,147.33,73.99,52,40,12.75
7,ostrovnoy,RU,1609820075,68.05,39.51,11.37,94,50,11.18
8,cap malheureux,MU,1609820075,-19.98,57.61,81.0,73,10,5.99
9,kruisfontein,ZA,1609819812,-34.0,24.73,71.01,95,98,4.0
10,bredasdorp,ZA,1609820075,-34.53,20.04,68.0,82,100,10.29
11,bilibino,RU,1609820075,68.05,166.44,-31.61,81,99,2.82
12,jalu,LY,1609820075,29.03,21.55,52.32,78,2,12.39
13,richards bay,ZA,1609820075,-28.78,32.04,74.05,92,100,9.06
14,pascagoula,US,1609820075,30.37,-88.56,55.4,93,20,8.52
15,vaini,TO,1609819822,-21.2,-175.2,82.4,83,75,13.87
16,newport,GB,1609819874,51.59,-3.0,39.0,87,71,3.0
17,meulaboh,ID,1609819918,4.14,96.13,85.39,59,45,4.63
18,houma,US,1609820075,29.6,-90.72,57.0,100,1,5.61
19,nouadhibou,MR,1609820076,20.93,-17.03,68.5,64,78,10.65
20,kefalos,GR,1609820076,36.75,26.96,59.0,77,40,11.41
21,rikitea,PF,1609819786,-23.12,-134.97,77.07,71,1,17.31
22,ponta do sol,PT,1609819782,32.67,-17.1,64.4,72,40,5.82
23,new norfolk,AU,1609820076,-42.78,147.06,75.0,38,79,1.01
24,nokaneng,BW,1609820076,-19.67,22.27,69.57,75,13,5.01
25,airai,TL,1609820076,-8.93,125.41,71.26,88,94,2.35
26,leningradskiy,RU,1609820076,69.38,178.42,-5.91,87,100,6.91
27,batsfjord,NO,1609820076,70.63,29.72,28.4,86,75,13.87
28,victoria,HK,1609819911,22.29,114.16,69.01,47,42,1.01
29,faanui,PF,1609819808,-16.48,-151.75,81.12,74,100,16.31
30,butaritari,KI,1609820076,3.07,172.79,82.17,77,100,18.7
31,castro,BR,1609819793,-24.79,-50.01,60.58,97,73,4.79
32,cabo san lucas,MX,1609820076,22.89,-109.91,64.4,59,5,5.82
33,port elizabeth,ZA,1609820076,-33.92,25.57,71.6,100,75,8.05
34,saint anthony,US,1609820076,45.02,-93.22,32.0,80,1,8.05
35,havoysund,NO,1609820076,71.0,24.66,39.2,86,75,14.99
36,saint-pierre,RE,1609820077,-21.34,55.48,78.8,78,90,21.92
37,manyana,BW,1609820077,-23.4,21.72,71.8,65,55,7.58
38,kakamega,KE,1609820077,0.28,34.75,50.0,87,0,8.05
39,kavaratti,IN,1609820077,10.57,72.64,82.4,74,40,4.7
40,kaeo,NZ,1609820077,-35.1,173.78,72.91,58,21,8.55
41,atuona,PF,1609820077,-9.8,-139.03,78.44,77,93,16.73
42,jinchang,CN,1609820077,38.5,102.17,13.98,73,0,1.45
43,cherskiy,RU,1609820077,68.75,161.3,-28.37,85,87,6.55
44,fortuna,US,1609820077,40.6,-124.16,45.0,100,90,5.82
45,haines junction,CA,1609820077,60.75,-137.51,6.55,90,100,1.74
46,bluff,NZ,1609819778,-46.6,168.33,55.22,90,99,3.18
47,busselton,AU,1609820077,-33.65,115.33,82.99,35,0,5.01
48,zheleznodorozhnyy,RU,1609820077,55.75,38.0,28.4,100,90,4.47
49,zile,TR,1609820077,40.3,35.89,30.2,92,0,3.67
50,upernavik,GL,1609820077,72.79,-56.15,18.54,88,100,35.34
51,bengkulu,ID,1609819871,-3.8,102.27,85.42,66,48,7.81
52,port alfred,ZA,1609820077,-33.59,26.89,73.99,95,74,3.0
53,elliot lake,CA,1609820077,46.38,-82.63,33.8,86,90,10.29
54,ilulissat,GL,1609820078,69.22,-51.1,8.64,94,99,2.71
55,dawei,MM,1609820078,14.08,98.2,88.0,43,72,4.9
56,los llanos de aridane,ES,1609820078,28.66,-17.92,69.8,60,75,5.82
57,kapoeta,SS,1609820078,4.77,33.59,77.54,46,15,11.59
58,lompoc,US,1609820078,34.64,-120.46,55.99,93,90,4.7
59,punta arenas,CL,1609820078,-53.15,-70.92,51.8,57,44,9.17
60,khilok,RU,1609820078,51.37,110.47,-20.7,78,100,12.08
61,east london,ZA,1609820078,-33.02,27.91,73.4,83,0,8.05
62,hamilton,US,1609820000,39.18,-84.53,35.6,92,75,2.24
63,longyearbyen,SJ,1609820078,78.22,15.64,30.2,86,90,46.08
64,malakal,SS,1609820078,9.53,31.66,73.2,31,25,6.46
65,san cristobal,VE,1609820078,7.77,-72.22,62.17,91,63,1.72
66,sabang,ID,1609820078,5.89,95.32,79.25,82,99,11.92
67,mount gambier,AU,1609820078,-37.83,140.77,62.6,63,90,19.46
68,srivardhan,IN,1609820078,18.03,73.02,78.15,66,62,3.94
69,corn island,NI,1609820078,12.17,-83.04,80.69,72,19,14.54
70,thompson,CA,1609820078,55.74,-97.86,-5.8,83,75,3.69
71,amol,IR,1609820079,36.47,52.35,43.48,80,100,4.16
72,porto murtinho,BR,1609820079,-21.7,-57.88,72.01,95,99,3.13
73,carnarvon,AU,1609820079,-24.87,113.63,89.6,46,0,12.75
74,vardo,NO,1609820079,70.37,31.11,28.4,86,75,13.87
75,katsuura,JP,1609819935,35.13,140.3,51.01,47,100,3.0
76,beian,NO,1609820079,63.66,9.57,26.6,86,40,14.99
77,tshikapa,CD,1609820079,-6.42,20.8,70.45,90,97,1.74
78,palmer,US,1609820079,42.16,-72.33,28.99,100,90,3.09
79,dudinka,RU,1609820045,69.41,86.18,-13.0,75,90,17.9
80,cape town,ZA,1609820079,-33.93,18.42,69.01,93,75,23.04
81,zeerust,ZA,1609820079,-25.54,26.08,66.2,88,75,6.93
82,qaanaaq,GL,1609820079,77.48,-69.36,-4.22,74,77,4.9
83,tiksi,RU,1609819809,71.69,128.87,-13.97,89,99,10.58
84,male,MV,1609820079,4.17,73.51,78.8,94,90,6.93
85,lotofaga,WS,1609820079,-13.98,-171.86,86.0,79,75,8.05
86,urusha,RU,1609820079,54.05,122.9,-15.16,77,83,5.44
87,ancud,CL,1609820079,-41.87,-73.82,53.01,71,0,11.41
88,hami,CN,1609820079,42.8,93.45,12.09,75,0,6.33
89,chokurdakh,RU,1609820079,70.63,147.92,-25.29,85,51,11.05
90,monroe,US,1609820078,43.15,-77.68,35.01,86,90,4.7
91,clyde river,CA,1609820079,70.47,-68.59,-20.2,75,1,4.7
92,jamestown,US,1609820080,42.1,-79.24,32.0,100,90,3.36
93,sahibganj,IN,1609820080,25.25,87.65,75.52,34,95,3.38
94,kallithea,GR,1609820080,37.95,23.7,55.99,87,20,8.57
95,grindavik,IS,1609820080,63.84,-22.43,33.8,71,75,8.05
96,pisco,PE,1609820080,-13.7,-76.22,69.8,88,0,10.29
97,padang,ID,1609820080,-0.95,100.35,89.6,55,20,6.93
98,ribeira grande,PT,1609820080,38.52,-28.7,61.81,85,100,28.01
99,hermanus,ZA,1609820080,-34.42,19.23,68.0,89,100,9.6
100,cayenne,GF,1609820080,4.93,-52.33,75.2,100,0,9.19
101,yeppoon,AU,1609820080,-23.13,150.73,89.6,49,75,6.93
102,port lincoln,AU,1609819951,-34.73,135.87,63.75,63,95,19.39
103,quatre cocos,MU,1609820080,-20.21,57.76,81.0,69,40,11.41
104,mont-dore,NC,1609820080,-22.28,166.58,91.4,66,65,3.36
105,bambous virieux,MU,1609820080,-20.34,57.76,81.0,69,40,11.41
106,okhotsk,RU,1609820080,59.38,143.3,-4.27,91,100,13.15
107,coquimbo,CL,1609819912,-29.95,-71.34,59.0,87,7,3.36
108,devils lake,US,1609819885,48.11,-98.87,21.2,85,1,11.41
109,bandar-e lengeh,IR,1609820080,26.56,54.88,55.4,47,0,6.93
110,khani,GE,1609820081,41.96,42.96,50.0,29,0,36.91
111,ambulu,ID,1609820081,-8.35,113.61,85.14,69,97,5.19
112,the valley,AI,1609820041,18.22,-63.06,77.0,83,75,6.93
113,cidreira,BR,1609820081,-30.18,-50.21,73.72,78,100,19.28
114,atbasar,KZ,1609820081,51.8,68.33,-6.86,87,100,8.25
115,omboue,GA,1609820081,-1.57,9.26,76.71,88,37,5.88
116,salamanca,ES,1609820081,40.83,-6.0,26.01,100,90,2.04
117,narsaq,GL,1609820081,60.92,-46.05,28.4,58,100,2.24
118,severo-kurilsk,RU,1609819789,50.68,156.12,19.87,91,76,22.95
119,cobija,BO,1609820081,-11.03,-68.77,73.11,96,100,2.48
120,north bend,US,1609820081,43.41,-124.22,48.99,93,75,6.93
121,alice springs,AU,1609819850,-23.7,133.88,77.0,64,75,8.05
122,tuktoyaktuk,CA,1609820081,69.45,-133.04,-14.8,75,90,12.75
123,menongue,AO,1609820081,-14.66,17.69,60.82,86,100,4.81
124,yar-sale,RU,1609820081,66.83,70.83,-14.42,88,2,12.91
125,palm beach,US,1609820081,26.65,-80.45,59.0,77,0,6.6
126,constitucion,CL,1609820081,-35.33,-72.42,58.19,62,12,6.87
127,samarai,PG,1609819838,-10.62,150.67,86.7,69,98,13.31
128,puerto ayora,EC,1609820082,-0.74,-90.35,71.01,91,45,7.85
129,suoyarvi,RU,1609820082,62.08,32.35,13.26,97,94,4.05
130,ostrovskoye,RU,1609820082,57.81,42.24,23.11,98,100,3.83
131,avarua,CK,1609820082,-21.21,-159.78,82.4,69,29,14.99
132,taoudenni,ML,1609820082,22.68,-3.98,64.72,24,74,6.13
133,awbari,LY,1609820082,26.59,12.78,49.71,62,71,6.49
134,havelock,US,1609819842,34.88,-76.9,42.01,100,1,2.21
135,provideniya,RU,1609820082,64.38,-173.3,-3.05,86,0,12.55
136,xuddur,SO,1609820082,4.12,43.89,67.96,69,31,19.35
137,dikson,RU,1609819787,73.51,80.55,2.88,94,100,25.93
138,mahebourg,MU,1609820082,-20.41,57.7,80.6,69,40,11.41
139,saint-philippe,RE,1609820082,-21.36,55.77,78.8,78,90,21.92
140,riyadh,SA,1609820082,24.69,46.72,53.6,71,0,3.36
141,poum,NC,1609819843,-20.23,164.02,81.99,82,67,10.13
142,ipu,BR,1609820082,-4.32,-40.71,74.34,77,0,6.53
143,hilo,US,1609819784,19.73,-155.09,77.0,69,90,6.93
144,canoinhas,BR,1609820082,-26.18,-50.39,62.89,98,99,2.59
145,ayan,RU,1609820083,56.45,138.17,-16.69,76,22,13.65
146,soe,ID,1609820083,-9.86,124.28,81.68,72,86,5.12
147,bezhanitsy,RU,1609820083,56.98,29.89,28.89,99,100,5.5
148,bethel,US,1609819814,41.37,-73.41,30.99,94,90,3.62
149,mchinji,MW,1609820083,-13.8,32.88,63.34,98,75,2.57
150,esperance,AU,1609819827,-33.87,121.9,71.6,43,40,14.99
151,lata,PT,1609820083,40.16,-8.33,39.0,92,0,3.18
152,skjervoy,NO,1609820083,70.03,20.97,43.54,81,100,12.75
153,isangel,VU,1609820083,-19.55,169.27,82.4,83,90,6.93
154,goderich,CA,1609820083,43.75,-81.72,32.0,92,100,6.93
155,verkhoyansk,RU,1609820083,67.54,133.38,-39.12,77,34,1.74
156,tuatapere,NZ,1609820083,-46.13,167.68,57.67,83,99,1.68
157,yanam,IN,1609820083,16.73,82.22,73.4,73,67,6.93
158,xalpatlahuac,MX,1609820083,17.47,-98.62,59.54,77,5,3.96
159,sorland,NO,1609820083,67.67,12.69,41.95,93,100,26.26
160,kodiak,US,1609820083,57.79,-152.41,33.8,96,90,8.05
161,anloga,GH,1609820083,5.79,0.9,77.0,78,20,3.36
162,klyuchi,RU,1609820083,52.27,79.17,-18.54,87,99,8.41
163,luderitz,NA,1609820083,-26.65,15.16,68.0,88,57,5.82
164,pangnirtung,CA,1609820083,66.15,-65.71,-21.6,80,92,1.57
165,kapustin yar,RU,1609820083,48.58,45.74,25.86,93,100,13.49
166,sioux lookout,CA,1609820083,50.1,-91.92,30.2,92,90,4.7
167,leshan,CN,1609820084,29.56,103.76,51.67,59,100,2.68
168,dakar,SN,1609820084,14.69,-17.44,69.8,94,0,9.17
169,aktau,KZ,1609820084,43.65,51.2,12.2,78,0,8.95
170,ilebo,CD,1609820084,-4.32,20.58,68.88,95,100,1.25
171,nanortalik,GL,1609820084,60.14,-45.24,28.04,97,99,8.28
172,polunochnoye,RU,1609820084,60.87,60.42,-4.47,93,99,2.42
173,oranjestad,AW,1609819785,12.52,-70.03,75.2,94,75,9.17
174,bulgan,MN,1609820084,48.81,103.53,-19.46,81,100,6.22
175,hithadhoo,MV,1609819856,-0.6,73.08,83.08,74,100,17.45
176,zhezkazgan,KZ,1609820084,47.8,67.71,-0.94,87,96,8.79
177,hovd,MN,1609820084,48.01,91.64,-2.99,69,0,1.52
178,westport,US,1609819893,41.14,-73.36,35.01,80,1,4.7
179,vila velha,BR,1609820028,-20.33,-40.29,77.0,88,75,9.17
180,muroto,JP,1609820084,33.28,134.15,48.2,82,75,6.93
181,senneterre,CA,1609820084,48.38,-77.23,28.4,92,90,6.93
182,penugonda,IN,1609820084,16.67,81.73,73.4,73,31,6.93
183,lasa,IT,1609820084,46.62,10.7,30.0,85,20,1.45
184,bartica,GY,1609820084,6.4,-58.62,73.4,100,40,4.7
185,kailua,US,1609820084,21.4,-157.74,80.6,69,20,11.41
186,mar del plata,AR,1609820084,-38.0,-57.56,66.99,100,90,13.87
187,narsingi,IN,1609820085,18.03,78.43,72.0,73,20,6.93
188,aklavik,CA,1609819812,68.22,-135.01,-11.2,76,100,5.82
189,tekirdag,TR,1609820085,40.98,27.51,51.8,87,75,10.29
190,dunmanway,IE,1609820085,51.72,-9.12,36.0,98,0,13.87
191,kavieng,PG,1609820085,-2.57,150.8,86.13,68,97,11.74
192,khandyga,RU,1609820085,62.67,135.6,-47.51,76,68,0.89
193,kalmunai,LK,1609820085,7.42,81.82,80.15,82,79,5.3
194,norman wells,CA,1609820085,65.28,-126.83,-7.6,63,20,17.22
195,nikolskoye,RU,1609820085,59.7,30.79,27.0,85,40,2.24
196,rosetown,CA,1609820085,51.55,-108.0,17.01,92,53,6.93
197,lagoa,PT,1609820085,39.05,-27.98,60.94,82,100,27.51
198,trairi,BR,1609820085,-3.28,-39.27,79.05,80,74,9.46
199,rocha,UY,1609820085,-34.48,-54.33,67.8,92,51,10.8
200,port hardy,CA,1609819912,50.7,-127.42,42.8,100,75,4.7
201,cabedelo,BR,1609820085,-6.98,-34.83,77.0,88,20,6.93
202,san andres,CO,1609820085,12.58,-81.7,80.6,69,20,6.93
203,ales,FR,1609820085,44.13,4.08,33.01,9,95,1.99
204,tasiilaq,GL,1609820086,65.61,-37.64,14.0,47,1,2.24
205,krasnovishersk,RU,1609820086,60.41,57.08,3.96,94,81,3.24
206,saldanha,ZA,1609820086,-33.01,17.94,62.6,88,51,10.29
207,san borja,BO,1609820086,-14.82,-66.85,74.01,95,100,2.77
208,port-gentil,GA,1609820086,-0.72,8.78,80.65,80,73,11.86
209,panlaitan,PH,1609820086,12.12,119.85,84.65,68,57,7.18
210,luis correia,BR,1609820086,-2.88,-41.67,78.64,82,17,11.39
211,sumbawanga,TZ,1609820086,-7.97,31.62,57.2,100,75,2.06
212,whitehaven,GB,1609820086,54.55,-3.58,30.99,95,45,3.0
213,yunhe,CN,1609820086,34.08,119.72,35.38,79,100,14.79
214,santa cruz,BO,1609820086,-17.8,-63.17,71.6,94,90,3.36
215,asau,RO,1609820086,46.43,26.4,43.0,78,100,6.22
216,beya,RU,1609820086,53.05,90.91,-13.56,87,100,2.55
217,terny,UA,1609820086,50.98,33.98,33.12,92,100,9.66
218,forssa,FI,1609820086,60.81,23.62,19.0,93,100,1.01
219,tafresh,IR,1609820086,34.69,50.01,26.33,87,0,1.36
220,hambantota,LK,1609820086,6.12,81.12,77.0,100,75,2.24
221,sur,OM,1609820087,22.57,59.53,69.06,38,0,12.15
222,buchanan,LR,1609820087,5.88,-10.05,78.94,82,95,3.27
223,broome,US,1609820087,42.25,-75.83,33.01,92,90,3.36
224,mombaca,BR,1609820087,-5.74,-39.63,74.55,78,43,5.77
225,yellowknife,CA,1609820050,62.46,-114.35,-23.01,74,20,8.05
226,tura,IN,1609820087,25.52,90.22,74.53,48,100,2.04
227,rognan,NO,1609820087,67.1,15.39,37.0,89,83,4.25
228,saint george,US,1609819853,37.1,-113.58,46.0,39,1,8.05
229,mnogovershinnyy,RU,1609819827,53.94,139.92,-15.45,89,100,7.63
230,rio grande,BR,1609820042,-32.03,-52.1,73.99,83,18,14.94
231,malmo,SE,1609820087,55.61,13.0,36.0,86,79,16.11
232,san nicolas,PH,1609820087,18.17,120.6,84.2,74,20,12.75
233,asyut,EG,1609820026,27.18,31.18,44.6,75,0,5.44
234,anadyr,RU,1609820087,64.75,177.48,-11.0,69,0,8.95
235,filingue,NE,1609820087,14.35,3.32,74.8,19,0,7.38
236,margate,GB,1609820087,51.38,1.39,41.0,80,100,5.01
237,itarema,BR,1609820087,-2.92,-39.92,84.2,70,20,2.24
238,gat,IL,1609819981,31.61,34.76,53.6,87,0,2.24
239,kuah,MY,1609820088,6.33,99.84,86.0,79,20,11.41
240,barrow,US,1609820088,71.29,-156.79,-16.6,82,90,5.82
241,rock sound,BS,1609820088,24.9,-76.2,75.56,68,0,6.73
242,abu samrah,SY,1609820088,35.3,37.18,49.05,64,69,6.4
243,ballina,AU,1609819831,-28.87,153.57,91.4,66,40,16.11
244,nome,US,1609820035,64.5,-165.41,-2.2,64,1,10.29
245,ofunato,JP,1609820088,39.07,141.72,26.6,79,75,1.12
246,san patricio,US,1609820088,28.02,-97.52,59.0,100,40,3.36
247,vaitape,PF,1609820088,-16.52,-151.75,82.0,72,100,16.55
248,billings,US,1609819953,45.78,-108.5,41.0,27,75,6.93
249,kincardine,GB,1609820088,56.07,-3.72,37.4,86,90,6.93
250,bangkal,PH,1609820088,6.07,121.07,83.21,74,70,3.56
251,tianpeng,CN,1609820088,30.99,103.94,53.01,1,84,6.08
252,buraydah,SA,1609820088,26.33,43.98,53.6,100,75,8.05
253,warmbad,NA,1609820088,-28.45,18.73,70.3,80,98,4.34
254,vredendal,ZA,1609820088,-31.67,18.5,68.65,82,100,8.79
255,kieta,PG,1609820088,-6.22,155.63,85.86,61,88,2.08
256,muisne,EC,1609820088,0.6,-80.03,75.15,84,93,10.27
257,salym,RU,1609820088,60.06,71.48,-18.24,86,82,5.97
258,loiza,PR,1609820089,18.43,-65.88,73.4,88,90,5.82
259,huarmey,PE,1609820089,-10.07,-78.15,70.38,82,100,5.86
260,qaqortoq,GL,1609820089,60.72,-46.03,28.4,58,100,2.24
261,onda,ES,1609820089,39.97,-0.25,34.0,86,0,3.36
262,fujin,CN,1609820089,47.26,132.03,-1.48,81,0,11.83
263,torbay,CA,1609820089,47.67,-52.73,33.01,100,90,16.11
264,garwa,IN,1609820089,24.18,83.82,73.58,43,94,2.55
265,guarapuava,BR,1609820089,-25.4,-51.46,60.49,89,100,2.57
266,arraial do cabo,BR,1609820089,-22.97,-42.03,73.4,94,0,5.82
267,sao joao da barra,BR,1609820089,-21.64,-41.05,75.13,90,40,15.57
268,popondetta,PG,1609820089,-8.75,148.25,90.91,53,76,7.47
269,sitka,US,1609819842,57.05,-135.33,41.0,65,90,20.8
270,andenes,NO,1609820089,69.31,16.12,39.99,86,100,16.11
271,hualmay,PE,1609820089,-11.1,-77.61,70.02,82,100,5.5
272,port blair,IN,1609820089,11.67,92.75,84.2,74,40,9.17
273,lebu,CL,1609819795,-37.62,-73.65,55.33,82,0,18.95
274,batemans bay,AU,1609819843,-35.72,150.18,80.01,75,83,3.0
275,touros,BR,1609820089,-5.2,-35.46,78.8,78,40,8.05
276,urumqi,CN,1609820089,43.8,87.6,-11.2,83,75,2.24
277,kirakira,SB,1609820090,-10.45,161.92,86.99,55,99,4.45
278,georgetown,MY,1609820090,5.41,100.34,84.0,78,40,9.17
279,valley,US,1609819909,45.13,-116.13,37.0,86,90,3.36
280,moshupa,BW,1609820090,-24.78,25.42,68.0,82,0,5.82
281,lulea,SE,1609820090,65.58,22.15,6.8,92,0,3.36
282,cilaos,RE,1609820090,-21.13,55.47,78.8,78,90,21.92
283,nizhneangarsk,RU,1609820090,55.78,109.55,-20.02,80,23,6.11
284,kahului,US,1609820090,20.89,-156.47,80.6,57,40,12.75
285,tahta,EG,1609820090,26.77,31.5,48.2,93,0,4.7
286,hobyo,SO,1609820090,5.35,48.53,76.44,68,100,19.57
287,birao,CF,1609820090,10.28,22.79,65.73,32,0,5.86
288,marzuq,YE,1609820090,14.4,46.47,56.59,49,0,3.24
289,saskylakh,RU,1609820090,71.92,114.08,0.05,91,100,14.43
290,mongo,TD,1609820090,12.18,18.69,68.02,23,0,5.82
291,hammerfest,NO,1609820090,70.66,23.68,39.2,86,75,14.99
292,loukhi,RU,1609820090,66.08,33.04,7.56,96,44,0.78
293,collie,AU,1609820090,-33.37,116.15,80.01,32,0,5.01
294,kununurra,AU,1609820030,-15.77,128.73,87.8,66,29,8.05
295,owando,CG,1609820091,-0.48,15.9,71.01,91,55,1.72
296,hasaki,JP,1609820091,35.73,140.83,50.0,70,75,4.7
297,baglung,NP,1609820091,28.27,83.59,71.94,23,95,1.66
298,placer,US,1609820091,39.07,-120.77,45.0,95,93,5.01
299,nacala,MZ,1609820091,-14.54,40.67,77.34,86,59,3.78
300,bilma,NE,1609820091,18.69,12.92,67.66,24,0,4.29
301,letterkenny,IE,1609819859,54.95,-7.73,31.69,95,9,2.24
302,prince rupert,CA,1609820091,54.32,-130.32,44.6,70,90,17.22
303,saint-joseph,RE,1609820091,-21.37,55.62,78.8,78,90,21.92
304,maceio,BR,1609819975,-9.67,-35.74,73.4,94,75,3.36
305,adre,TD,1609820091,13.47,22.2,62.47,30,0,10.65
306,husavik,IS,1609820091,66.04,-17.34,37.4,64,40,12.75
307,seoul,KR,1609820067,37.57,126.98,26.6,27,1,4.7
308,falmouth,GB,1609820091,50.15,-5.07,36.0,80,47,16.11
309,ondjiva,AO,1609820091,-17.07,15.73,66.06,60,100,6.46
310,fairbanks,US,1609819531,64.84,-147.72,-9.99,83,20,1.63
311,champerico,GT,1609820091,14.3,-91.92,64.99,97,1,5.73
312,zapolyarnyy,RU,1609820091,69.42,30.81,17.6,92,0,14.99
313,valparaiso,CL,1609820091,-33.04,-71.63,57.2,82,90,5.82
314,pinkafeld,AT,1609820091,47.37,16.12,30.0,98,86,1.92
315,ixtapa,MX,1609819807,20.7,-105.2,68.0,88,5,2.24
316,namibe,AO,1609820092,-15.2,12.15,70.97,76,99,4.07
317,necochea,AR,1609819905,-38.55,-58.74,62.01,93,100,16.37
318,souillac,MU,1609820092,-20.52,57.52,80.6,69,40,11.41
319,birin,NP,1609820092,26.89,88.07,60.55,54,99,3.85
320,fayaoue,NC,1609820092,-20.65,166.53,83.12,76,98,7.9
321,kadiri,IN,1609820092,14.12,78.17,71.58,80,82,5.48
322,alofi,NU,1609819892,-19.06,-169.92,78.8,94,75,1.12
323,chuy,UY,1609820092,-33.7,-53.46,69.67,88,32,11.01
324,northfield,US,1609820060,44.46,-93.16,30.2,86,1,5.82
325,talavera,PH,1609820092,15.62,120.93,86.0,62,75,6.93
326,acapulco,MX,1609820092,16.86,-99.89,78.8,88,5,3.36
327,pokrovsk,UA,1609820092,48.28,37.18,30.51,96,100,13.49
328,arman,RU,1609820092,59.7,150.17,-3.23,81,99,10.42
329,koumac,NC,1609820092,-20.57,164.28,83.55,76,90,4.61
330,guatire,VE,1609820092,10.48,-66.54,75.2,88,40,5.82
331,sakakah,SA,1609819924,29.97,40.21,50.0,81,24,7.0
332,port hedland,AU,1609820093,-20.32,118.57,96.8,30,43,17.22
333,puerto lempira,HN,1609820093,15.27,-83.77,74.7,85,0,6.62
334,veraval,IN,1609820093,20.9,70.37,67.01,51,0,13.13
335,serebryansk,KZ,1609820093,49.69,83.29,-38.2,65,40,3.67
336,luanda,AO,1609819816,-8.84,13.23,77.0,88,40,6.93
337,port said,EG,1609820093,31.26,32.28,60.8,100,5,8.05
338,vao,NC,1609820093,-22.67,167.48,79.29,85,69,24.2
339,quang ngai,VN,1609820093,15.12,108.8,70.16,92,100,5.97
340,belyy yar,RU,1609820093,53.6,91.39,-22.0,67,20,3.15
341,luce,FR,1609820093,48.44,1.46,35.01,93,98,5.01
342,nishihara,JP,1609819941,26.18,127.76,66.2,77,90,14.99
343,burnie,AU,1609820093,-41.07,145.92,70.0,58,71,11.99
344,udachnyy,RU,1609820093,66.42,112.4,-11.2,76,0,6.71
345,kupang,ID,1609820038,-10.17,123.58,86.92,66,99,9.37
346,idil,TR,1609820094,37.34,41.89,39.11,67,100,5.84
347,khatanga,RU,1609820094,71.97,102.5,-10.19,89,89,16.73
348,luba,GQ,1609820094,3.46,8.55,77.0,100,20,4.7
349,dzilam gonzalez,MX,1609820094,21.28,-88.93,71.33,93,86,6.26
350,jiwani,PK,1609820094,25.05,61.74,59.18,32,0,12.77
351,komsomolskiy,UZ,1609820094,40.43,71.72,19.4,85,75,1.5
352,tezu,IN,1609820094,27.92,96.17,75.63,22,5,3.02
353,mandalgovi,MN,1609820094,45.76,106.27,-15.34,80,74,16.98
354,sidrolandia,BR,1609820094,-20.93,-54.96,68.0,94,75,9.17
355,gewane,ET,1609820094,10.17,40.65,67.69,58,88,4.25
356,bandarbeyla,SO,1609820094,9.49,50.81,73.17,67,74,17.65
357,mongu,ZM,1609820094,-15.25,23.13,65.39,96,47,5.23
358,port augusta,AU,1609820095,-32.5,137.77,82.0,56,40,18.34
359,neosho,US,1609820095,36.87,-94.37,37.99,91,0,6.58
360,port macquarie,AU,1609820095,-31.43,152.92,86.0,54,22,1.99
361,boyolangu,ID,1609820095,-8.12,111.89,86.36,63,91,4.54
362,wageningen,NL,1609820095,51.97,5.67,37.0,93,90,9.17
363,cranbrook,CA,1609820095,49.5,-115.77,32.0,97,90,2.24
364,clive,US,1609820066,41.6,-93.72,32.0,96,1,6.93
365,diofior,SN,1609820095,14.18,-16.67,78.8,31,0,6.93
366,lufilufi,WS,1609820095,-13.87,-171.6,86.0,79,75,8.05
367,jaggayyapeta,IN,1609820013,16.9,80.1,74.64,72,93,5.73
368,muros,ES,1609820095,42.78,-9.06,32.0,96,8,7.07
369,temozon,MX,1609820095,20.8,-88.22,68.36,99,32,2.51
370,sao filipe,CV,1609820095,14.9,-24.5,74.14,79,100,1.7
371,juneau,US,1609819442,58.3,-134.42,36.0,80,90,5.82
372,bubaque,GW,1609819875,11.28,-15.83,79.93,51,0,6.22
373,kharp,RU,1609820095,66.8,65.81,-21.24,86,94,4.18
374,mbeya,TZ,1609820096,-8.9,33.45,59.61,95,91,2.21
375,nemuro,JP,1609820096,43.32,145.57,24.8,32,20,9.17
376,cartagena del chaira,CO,1609820096,1.33,-74.84,72.66,88,70,3.15
377,pemangkat,ID,1609820096,1.17,108.97,82.67,73,100,3.58
378,mackenzie,CA,1609820096,55.3,-123.17,21.2,92,90,3.36
379,sulangan,PH,1609820096,11.14,123.72,81.86,71,100,13.44
380,ugoofaaru,MV,1609820096,5.67,73.0,81.66,80,95,16.15
381,puerto escondido,MX,1609820096,15.85,-97.07,78.8,78,40,4.7
382,kaitangata,NZ,1609819807,-46.28,169.85,57.99,88,100,1.99
383,baghdad,IQ,1609819977,33.34,44.4,42.8,45,0,5.82
384,puerto montt,CL,1609819883,-41.47,-72.94,51.8,76,0,8.05
385,fereydun kenar,IR,1609820096,36.69,52.52,48.16,68,97,9.73
386,vostok,RU,1609819913,46.49,135.88,-4.32,82,53,5.99
387,le port,RE,1609819825,-20.94,55.29,73.4,88,75,5.82
388,korla,CN,1609820096,41.76,86.15,17.73,78,0,6.53
389,maumere,ID,1609820013,-8.62,122.21,84.34,72,97,6.35
390,lincoln,US,1609820088,40.8,-96.67,33.01,79,1,3.36
391,san carlos de bariloche,AR,1609819929,-41.15,-71.31,62.6,20,40,10.29
392,ratnagiri,IN,1609820096,16.98,73.3,79.68,65,5,5.64
393,chicama,PE,1609820096,-7.84,-79.15,69.78,80,100,4.45
394,vung tau,VN,1609820096,10.35,107.08,79.36,76,100,8.16
395,surt,LY,1609820097,31.21,16.59,53.91,45,94,4.99
396,slave lake,CA,1609820097,55.28,-114.77,26.6,68,90,11.41
397,san benito,US,1609820097,36.62,-121.08,53.01,90,62,5.32
398,sumbe,AO,1609820097,-11.21,13.84,75.18,85,73,5.17
399,salalah,OM,1609820097,17.02,54.09,68.0,42,20,10.29
400,nhulunbuy,AU,1609820097,-12.23,136.77,91.4,59,100,12.75
401,trincomalee,LK,1609820097,8.57,81.23,80.28,81,97,3.76
402,kodinsk,RU,1609820097,58.69,99.18,-24.16,81,86,4.52
403,culpeper,US,1609820097,38.5,-77.97,39.2,93,90,2.35
404,vavoua,CI,1609820097,7.38,-6.48,73.42,87,9,4.7
405,ust-kuyga,RU,1609820097,70.02,135.6,-36.36,79,53,8.88
406,koppies,ZA,1609820097,-27.24,27.57,64.87,72,91,6.33
407,inta,RU,1609820097,66.03,60.17,-5.62,91,34,0.49
408,marsh harbour,BS,1609820097,26.54,-77.06,71.65,67,98,12.66
409,gwadar,PK,1609820097,25.12,62.33,60.22,31,0,12.66
410,lysva,RU,1609820097,58.11,57.81,8.28,95,88,4.99
411,geraldton,AU,1609820097,-28.77,114.6,95.0,19,0,28.86
412,ouango,CF,1609820097,4.31,22.56,69.42,76,56,1.79
413,zhigansk,RU,1609820097,66.77,123.37,-40.31,80,67,8.75
414,avera,US,1609820097,33.19,-82.53,39.2,100,1,6.98
415,caravelas,BR,1609820098,-17.71,-39.25,75.99,87,0,7.45
416,teknaf,BD,1609820098,20.86,92.31,78.26,52,54,1.57
417,muramvya,BI,1609819832,-3.27,29.61,54.52,97,3,0.98
418,pahrump,US,1609820098,36.21,-115.98,48.99,40,67,1.99
419,marawi,PH,1609820098,8.0,124.29,84.0,77,99,5.01
420,yulara,AU,1609819877,-25.24,130.99,80.6,30,75,14.99
421,marienburg,PL,1609820098,54.04,19.03,33.01,100,100,10.69
422,amahai,ID,1609820098,-3.33,128.92,85.82,69,82,3.13
423,malindi,KE,1609820098,-3.22,40.12,77.0,83,40,5.82
424,stepnyak,KZ,1609820098,52.83,70.78,-11.81,88,100,13.82
425,kuito,AO,1609820098,-12.38,16.93,60.37,86,100,3.49
426,nikolskiy,RU,1609820098,60.92,34.06,15.08,96,13,3.96
427,snyder,US,1609820098,32.72,-100.92,42.8,60,1,4.43
428,namatanai,PG,1609820098,-3.67,152.43,86.34,62,27,8.08
429,christchurch,NZ,1609819994,-43.53,172.63,64.0,82,100,14.99
430,cap-aux-meules,CA,1609820098,47.38,-61.86,30.2,92,100,16.11
431,binzhou,CN,1609820098,37.37,118.02,32.0,34,30,9.78
432,lavrentiya,RU,1609820099,65.58,-171.0,-7.55,88,13,9.93
433,balkanabat,TM,1609820099,39.51,54.37,39.15,69,100,8.81
434,mahajanga,MG,1609820099,-15.72,46.32,80.6,78,20,4.7
435,ust-nera,RU,1609820099,64.57,143.2,-17.07,79,100,2.46
436,zelenikovo,MK,1609820099,41.89,21.59,41.0,100,90,2.08
437,roma,US,1609820089,43.21,-75.46,33.01,96,90,3.36
438,codrington,AU,1609820099,-38.27,141.97,58.84,83,100,17.09
439,channel-port aux basques,CA,1609820099,47.57,-59.14,31.21,92,100,12.88
440,nador,MA,1609820099,35.17,-2.93,46.4,75,0,4.7
441,amuntai,ID,1609820099,-2.42,115.25,87.1,63,100,4.5
442,lakes entrance,AU,1609820099,-37.88,147.98,66.99,94,100,5.01
443,novo horizonte,BR,1609820100,-21.47,-49.22,71.13,84,85,4.65
444,suhbaatar,MN,1609820100,50.23,106.21,-15.09,72,100,12.59
445,bakaly,RU,1609820100,55.18,53.8,16.43,96,100,9.6
446,conakry,GN,1609820100,9.54,-13.68,80.24,75,0,6.51
447,bathurst,AU,1609819869,-33.42,149.58,80.01,45,10,3.0
448,strijen,NL,1609820100,51.75,4.55,37.0,90,100,5.99
449,mbanza-ngungu,CD,1609820015,-5.25,14.87,68.05,99,93,2.33
450,raudeberg,NO,1609820100,61.99,5.14,30.2,74,72,9.17
451,iqaluit,CA,1609820100,63.75,-68.51,-22.0,67,20,4.7
452,shelburne,CA,1609819844,44.08,-80.2,30.99,95,100,4.38
453,santa isabel do rio negro,BR,1609820100,-0.41,-65.02,72.7,95,51,1.68
454,batavia,US,1609820100,41.85,-88.31,28.0,92,90,5.82
455,la ronge,CA,1609820100,55.1,-105.28,10.4,85,36,3.36
456,mumbwa,ZM,1609820100,-14.98,27.06,64.29,96,92,5.68
457,diu,IN,1609820101,20.71,70.98,69.91,35,0,7.67
458,sri aman,MY,1609820101,1.24,111.46,82.4,78,40,5.82
459,fukue,JP,1609820101,32.69,128.84,51.8,50,75,17.22
460,bhor,IN,1609820065,18.17,73.85,73.0,66,30,6.71
461,byron bay,AU,1609819806,-28.65,153.62,90.0,66,40,16.11
462,sharon,US,1609820101,41.23,-80.49,34.0,86,90,1.7
463,cockburn town,TC,1609820072,21.46,-71.14,76.59,68,0,12.03
464,sweetwater,US,1609820101,25.76,-80.37,66.2,48,90,5.44
465,lardos,GR,1609820103,36.09,28.02,64.99,88,75,9.17
466,ilabaya,PE,1609820103,-17.42,-70.51,61.47,73,69,2.82
467,pevek,RU,1609820105,69.7,170.31,-15.14,89,100,8.05
468,baykit,RU,1609819816,61.67,96.37,-14.89,84,100,3.51
469,saint-francois,FR,1609820106,46.42,3.91,34.0,98,90,3.36
470,cairns,AU,1609820108,-16.92,145.77,87.8,74,75,11.41
471,lazaro cardenas,MX,1609820108,17.96,-102.2,74.41,80,0,4.68
472,hofn,IS,1609820108,64.25,-15.21,36.46,77,54,5.46
473,morondava,MG,1609820108,-20.28,44.28,80.71,79,55,5.14
474,zaliznychne,UA,1609820108,45.75,28.61,47.91,90,100,15.03
475,sidi ali,DZ,1609820108,36.1,0.42,43.48,75,59,5.99
476,katherine,AU,1609820109,-14.47,132.27,91.4,59,57,6.93
477,honningsvag,NO,1609820109,70.98,25.97,39.2,79,75,11.41
478,luganville,VU,1609820109,-15.53,167.17,80.6,88,90,9.17
479,apollonia,GR,1609820109,36.97,24.72,57.99,71,0,1.12
480,castellarano,IT,1609820110,44.51,10.73,39.99,96,97,1.86
481,kumertau,RU,1609820110,52.77,55.78,2.61,93,100,5.46
482,half moon bay,US,1609820110,37.46,-122.43,53.01,93,90,3.38
483,estacion coahuila,MX,1609820110,32.19,-115.0,59.0,36,90,4.7
484,prokhorovka,RU,1609820110,51.04,36.73,30.2,92,90,11.18
485,puerto madryn,AR,1609820110,-42.77,-65.04,58.32,65,0,8.68
486,pitimbu,BR,1609820110,-7.47,-34.81,77.0,88,20,6.93
487,egvekinot,RU,1609820110,66.32,-179.17,-5.15,85,100,11.86
488,plettenberg bay,ZA,1609820110,-34.05,23.37,69.31,92,73,1.72
489,bongor,TD,1609820110,10.28,15.37,67.21,26,0,4.38
490,port-cartier,CA,1609820110,50.03,-66.87,25.0,85,74,4.7
491,tarija,BO,1609820080,-21.54,-64.73,59.43,74,41,0.11
492,beyneu,KZ,1609820111,45.32,55.2,13.15,92,0,10.83
493,nha trang,VN,1609820111,12.25,109.18,77.0,88,40,14.99
494,obihiro,JP,1609820111,42.92,143.2,23.0,41,20,4.7
495,changli,CN,1609820111,39.7,119.15,18.55,58,0,13.35
496,stephenville,US,1609820112,32.22,-98.2,52.0,64,1,4.63
497,pacific grove,US,1609819859,36.62,-121.92,53.6,87,90,6.64
498,baykalsk,RU,1609820112,51.51,104.15,-12.51,86,100,20.56
499,grand-lahou,CI,1609820112,5.14,-5.02,78.24,88,37,9.01
500,rolla,US,1609820092,37.95,-91.77,35.6,96,90,14.99
501,gravdal,NO,1609820112,68.12,13.5,41.77,93,100,24.2
502,bara,NG,1609820112,10.37,10.73,68.14,26,0,4.94
503,vila franca do campo,PT,1609820112,37.72,-25.43,59.0,87,75,14.99
504,port hawkesbury,CA,1609820112,45.62,-61.35,32.0,88,40,14.99
505,bazarnyye mataki,RU,1609820113,54.88,49.93,24.42,98,100,6.69
506,bakchar,RU,1609820113,57.02,82.07,-22.76,86,0,0.85
507,honiara,SB,1609820113,-9.43,159.95,89.6,70,40,9.17
508,lebedinyy,RU,1609820113,58.52,125.52,-28.55,84,100,3.24
509,raga,SS,1609820113,8.46,25.68,65.19,33,0,4.43
510,porbandar,IN,1609820113,21.64,69.61,53.6,87,0,3.36
511,harper,LR,1609820113,4.38,-7.72,78.76,83,73,8.05
512,chengde,CN,1609820113,40.97,117.94,10.4,63,0,6.82
513,bighapur,IN,1609820113,26.35,80.68,64.4,77,75,5.86
514,portel,BR,1609820113,-1.94,-50.82,75.52,93,94,3.36
515,pyaozerskiy,RU,1609820113,65.83,31.17,10.15,96,94,1.32
516,coahuayana,MX,1609820113,18.73,-103.68,73.4,73,5,3.47
517,benalla,AU,1609820113,-36.55,145.98,84.2,28,40,11.41
518,ikalamavony,MG,1609820113,-21.15,46.58,71.31,69,56,3.36
519,salinas,US,1609819947,36.68,-121.66,53.6,87,75,6.93
520,vestmannaeyjar,IS,1609820113,63.44,-20.27,38.08,96,100,7.67
521,nichinan,JP,1609820113,31.6,131.37,50.0,76,75,4.7
522,yabrud,SY,1609820114,33.97,36.66,48.2,57,0,9.17
523,pokhara,NP,1609820114,28.23,83.98,74.32,20,95,2.95
524,chalus,IR,1609820114,36.66,51.42,44.6,87,75,2.24
525,flinders,AU,1609820114,-34.58,150.86,81.0,75,33,3.0
526,waipawa,NZ,1609820114,-41.41,175.52,69.8,73,40,20.8
527,kassala,SD,1609820114,15.45,36.4,64.17,91,22,7.83
528,dosso,NE,1609820114,13.05,3.19,75.38,18,2,8.39
529,qandala,SO,1609820114,11.47,49.87,73.38,62,6,6.29
530,hornepayne,CA,1609820114,49.21,-84.77,31.19,96,100,7.02
531,ugento,IT,1609820114,39.93,18.16,39.2,93,5,3.36
532,kloulklubed,PW,1609820114,7.04,134.26,86.0,74,75,13.87
533,madang,PG,1609819874,-5.22,145.8,85.19,72,90,7.58
534,tabou,CI,1609820115,4.42,-7.35,78.21,85,29,8.46
535,oriximina,BR,1609820115,-1.77,-55.87,76.5,84,98,2.1
536,te anau,NZ,1609820115,-45.42,167.72,55.94,83,93,4.27
537,manaus,BR,1609819843,-3.1,-60.02,78.8,88,0,1.43
538,cozumel,MX,1609820085,20.51,-86.95,71.6,100,90,4.7
539,calaba,PH,1609820115,15.3,120.87,86.0,62,75,6.93
540,trabzon,TR,1609820115,40.92,39.83,51.8,43,0,3.36
541,antalaha,MG,1609820115,-14.9,50.28,78.08,71,11,6.22
542,arcelia,MX,1609820115,18.28,-100.27,71.37,41,0,3.91
543,adrar,MR,1609820115,20.5,-10.07,63.84,38,66,7.74
544,lorengau,PG,1609820115,-2.02,147.27,86.31,67,100,12.19
545,domoni,KM,1609820115,-12.26,44.53,80.76,78,7,9.04
546,kapuskasing,CA,1609820115,49.42,-82.43,32.0,93,90,10.29
547,leh,IN,1609820116,34.17,77.58,18.1,78,100,2.98
548,hermiston,US,1609819927,45.84,-119.29,46.4,65,1,17.22
549,achit,RU,1609820116,56.8,57.9,11.59,96,95,4.45
550,sokolo,ML,1609820116,14.73,-6.12,70.88,21,0,10.33
551,shanhetun,CN,1609820116,44.7,127.2,-3.62,88,0,8.81
552,vila,PT,1609820116,42.03,-8.16,28.99,93,0,4.36
553,alyangula,AU,1609820116,-13.85,136.42,89.6,66,26,6.93
554,ahipara,NZ,1609820116,-35.17,173.17,72.91,62,25,2.33
555,edd,ER,1609820116,13.93,41.69,74.77,57,33,8.97
556,ranong,TH,1609820073,9.97,98.63,86.0,62,20,4.7
557,tayu,ID,1609820116,-6.54,111.05,79.86,85,100,9.84
558,shimoda,JP,1609820116,34.67,138.95,53.6,34,75,14.99
559,beringovskiy,RU,1609820116,63.05,179.32,-8.09,88,57,16.58
560,chastyye,RU,1609820116,57.29,54.97,11.66,95,96,5.7
561,kolomna,RU,1609819924,55.08,38.78,28.4,100,90,4.47
562,chippewa falls,US,1609819801,44.94,-91.39,27.0,92,1,4.7
563,olafsvik,IS,1609820117,64.89,-23.71,38.28,75,100,17.49
564,okha,RU,1609820117,53.57,142.95,-7.47,90,100,26.11
565,vanimo,PG,1609820117,-2.67,141.3,83.93,75,100,6.33
566,san quintin,MX,1609820117,30.48,-115.95,57.4,86,90,11.5
567,marystown,CA,1609820117,47.17,-55.15,31.15,95,100,14.52
568,mocuba,MZ,1609820117,-16.84,36.99,71.56,94,17,3.15
569,grenada,ES,1609820005,37.19,-3.61,32.0,100,100,2.24
570,mehamn,NO,1609820117,71.04,27.85,39.2,78,75,11.41
571,panguipulli,CL,1609820117,-39.63,-72.33,60.8,48,0,11.41
572,quepos,CR,1609819904,9.42,-84.17,69.8,60,0,13.87
